id,name,surname,lastname,age,drive_exp,passport_serial,passport_num,drive_license_serial,drive_license_num
1,Радим,Носкова,Тарасовна,18,0,7796,304044,1812,771521
2,Станимир,Гордеева,,43,7,6369,464222,4614,275076
3,Ираида,Маркова,Теймуразович,24,2,3959,425040,6363,520325
4,Авдей,Фролов,Артурович,74,11,3777,552357,2088,817307
5,Галина,Евсеев,,69,36,4880,668373,3784,881767
6,Севастьян,Назаров,Августович,84,37,4118,270862,9914,701313
7,Афиноген,Панов,Тимофеевна,90,29,7484,613459,9730,722733
8,Аскольд,Орлов,Валентиновна,81,2,1636,400798,3929,138531
9,Модест,Романов,Чеславович,75,52,9176,876474,3933,815680
10,Никон,Тарасов,,36,9,2769,857431,7505,777691
11,Фирс,Владимиров,Ануфриевич,53,30,3595,793527,7561,455294
12,Варлаам,Нестерова,,62,39,7910,401627,9130,909638
13,Давыд,Прохорова,Филатович,67,3,8844,127487,8357,657912
14,Болеслав,Рыбаков,,85,21,9731,618091,5565,116920
15,Эраст,Борисов,,73,0,1130,873335,5549,210336
16,Кирилл,Горбачева,Валентиновна,60,26,9143,694444,5509,128760
17,Анатолий,Петухова,,28,4,5373,948878,9477,736654
18,Симон,Муравьева,,67,12,9335,141888,9917,822740
19,Аркадий,Капустин,,49,9,1106,765810,9210,753788
20,Аркадий,Исакова,Никифоровна,44,15,7784,958810,1769,265688
21,Нестор,Костина,Альбертовна,31,9,7220,259487,5135,995405
22,Эраст,Дорофеев,Харлампович,70,12,4800,784358,4997,438389
23,Пантелеймон,Лихачева,Тарасович,71,6,1523,245503,9167,772140
24,Матвей,Яковлева,Тимофеевна,79,43,1892,884902,7550,737848
25,Елисей,Тимофеев,Фёдорович,52,2,4721,144644,9861,373245
26,Родион,Павлова,Алексеевич,66,7,6185,674028,8556,147116
27,Сидор,Вишнякова,,54,5,4262,766309,2622,293124
28,Осип,Брагин,,70,49,8677,948261,7758,287798
29,Афиноген,Архипов,,70,50,6356,321398,3360,802553
30,Милица,Крылов,,88,67,1029,319673,1381,447631
31,Всеслав,Лихачева,,88,27,5874,460952,8744,885632
32,Поликарп,Шубин,,20,0,4474,534266,6017,828695
33,Афанасий,Елисеева,,67,34,9459,462184,3787,897755
34,Анатолий,Александров,,75,46,9284,896829,4557,848452
35,Михей,Суворова,Яковлевна,44,9,9403,658761,5338,974987
36,Макар,Гусев,Тарасовна,28,6,7660,703592,2941,301310
37,Екатерина,Орехова,,85,26,4049,291713,9630,304920
38,Владимир,Давыдова,Филипповна,68,6,3264,223847,2463,753570
39,Федор,Васильева,Вячеславович,78,59,9371,337159,5053,280253
40,Данила,Анисимова,,68,4,6736,347660,9650,298960
41,Зоя,Терентьева,,54,0,2316,334221,2406,626808
42,Валерия,Быкова,Трофимович,66,31,2704,704003,2061,997302
43,Ратибор,Трофимов,Григорьевна,35,14,4709,133475,1556,675476
44,Христофор,Носова,Устинович,39,20,1253,469015,3409,590651
45,Елизавета,Щукина,Фомич,39,13,6231,279594,5316,752789
46,Дорофей,Данилова,,77,35,4191,946151,4816,664903
47,Кира,Федоров,,58,13,8684,634150,4372,450306
48,Анисим,Марков,Рубеновна,42,13,4549,250197,8775,722356
49,Егор,Воронцов,Юрьевна,42,5,1907,810041,4706,164606
50,Эмилия,Осипов,Аскольдовна,47,4,8492,627386,6225,671382
51,Лавр,Федорова,,26,5,5860,147765,2612,638046
52,Антип,Дементьев,Эдуардович,68,43,3779,593899,3968,653294
53,Святополк,Сысоева,Филимонович,89,31,5976,480517,2926,445178
54,Парамон,Артемьева,,28,3,9217,389203,2897,126710
55,Светозар,Беляев,Аверьянович,43,22,7021,652338,3912,132765
56,Ольга,Лукин,,19,1,9643,533949,4804,660941
57,Евгений,Доронин,Харлампович,61,7,7700,108822,2952,535254
58,Лонгин,Третьяков,,65,46,9981,447502,3536,327785
59,Арефий,Гришин,Геннадиевич,47,16,7379,507504,2056,664399
60,Елизар,Зуев,Юльевна,51,2,8750,686073,9728,875086
61,Эммануил,Владимирова,Даниловна,40,3,8504,679394,5479,268216
62,Андрон,Кондратьев,Харитонович,45,23,8958,499124,6719,546798
63,Роман,Мишина,,32,12,9998,119641,5577,349370
64,Акулина,Жукова,Кузьминична,57,31,6026,267404,2325,740065
65,Борислав,Панфилов,,68,8,5177,103967,4874,983852
66,Изяслав,Боброва,Ефстафьевич,81,9,1308,600070,5436,799072
67,Аникей,Молчанова,Андреевич,50,26,1039,242031,8209,314552
68,Аникей,Евдокимова,Ермилович,53,31,1918,643552,3927,324742
69,Гедеон,Нестеров,,40,5,4689,427942,4236,922543
70,Касьян,Копылова,Павловна,30,3,6268,919443,3900,474279
71,Тамара,Петухов,Ерофеевич,31,2,9437,859534,1775,611236
72,Ксения,Белоусов,Тимурович,33,7,1057,348743,6776,763227
73,Сила,Рыбаков,Устинович,40,15,3330,901107,3331,591054
74,Амвросий,Анисимов,Ивановна,47,26,5020,681650,3850,983039
75,Никанор,Белоусова,Валентиновна,80,53,5027,203313,4722,510910
76,Евфросиния,Федорова,Григорьевна,76,38,8536,195238,1862,117098
77,Чеслав,Захаров,Александрович,90,11,6708,656532,4464,382369
78,Эраст,Корнилов,Робертовна,77,41,5350,703943,3098,992757
79,Агата,Данилов,,19,1,4843,843258,8946,129787
80,Денис,Назарова,Демьянович,67,9,7298,365075,5057,669393
81,Федот,Никонова,Фадеевич,65,39,8991,872982,4692,904160
82,Всеволод,Дроздов,Рудольфовна,70,43,9842,838280,5240,713406
83,Трофим,Хохлов,,90,64,8886,465862,2921,168614
84,Бажен,Филатов,Захаровна,19,0,3215,948252,4565,961944
85,Фёкла,Козлов,,22,1,4829,431766,9060,126637
86,Клавдий,Юдин,Федосеевич,71,20,8751,781368,9149,103764
87,Вышеслав,Ермаков,,80,20,3122,352533,5199,640932
88,Август,Соболева,Леоновна,29,3,2427,430105,2829,743877
89,Христофор,Орлов,Степановна,53,29,7930,555223,1479,875784
90,Селиверст,Баранов,Матвеевна,90,62,9223,125196,1552,118693
91,Стоян,Копылова,,18,0,9518,272027,5639,710282
92,Ефрем,Киселев,Валерианович,62,37,2292,283138,1067,404122
93,Филарет,Гришина,Власович,56,9,4721,821463,1541,232285
94,Ерофей,Шестаков,Вячеславовна,64,21,5413,251025,3889,332555
95,Твердислав,Зайцев,,52,21,8584,965894,4281,582417
96,Лора,Кулагин,Вениаминовна,71,51,6725,534913,9776,134210
97,Флорентин,Калашников,Адрианович,69,33,6655,417184,8700,912654
98,Наталья,Евдокимов,Даниилович,79,46,1534,802613,7051,209869
99,Изяслав,Дорофеев,,40,19,6201,554815,2482,920139
100,Спиридон,Кузнецова,Вениаминовна,59,40,9233,991448,8501,458517
101,Измаил,Васильев,Фёдорович,88,63,4563,589554,7783,667479
102,Ипат,Бирюкова,Натановна,61,19,9821,329228,8865,110377
103,Степан,Афанасьев,,64,11,7484,749031,2586,597774
104,Боян,Тарасова,Арсенович,68,36,7658,135064,2473,273974
105,Галактион,Мясников,Бориславович,32,3,1789,867004,3234,986303
106,Андроник,Бобылев,,78,58,8137,877559,4005,292329
107,Федор,Александрова,,42,1,8308,142190,7346,674933
108,Лукьян,Наумов,Андреевич,45,24,8853,567960,1408,279932
109,Прохор,Кулагина,,62,2,5139,538870,4964,313678
110,Эммануил,Устинов,,82,44,3664,443833,6508,682783
111,Ефрем,Комарова,Болеславовна,28,9,4472,556479,8539,424745
112,Агап,Карпова,Геннадиевич,80,42,4348,613991,9403,699265
113,Евсей,Дмитриев,Кузьминична,72,22,9458,728367,6696,956860
114,Станимир,Овчинников,,84,4,1503,685657,1543,516615
115,Любим,Панова,Афанасьевич,22,0,9334,106334,4841,304005
116,Ефим,Антонов,Брониславович,72,22,9831,563699,8407,942727
117,Прокл,Кононов,Адамович,41,23,7540,483427,9548,524755
118,Родион,Горбачев,Филатович,75,55,1840,128535,4290,993533
119,Лора,Петухов,Руслановна,42,9,6465,839757,9982,536794
120,Аверкий,Суханова,Еремеевич,87,57,3624,611000,7871,242217
121,Симон,Бобров,,28,1,6297,205605,4033,555558
122,Сократ,Уваров,Ааронович,23,5,4184,877210,4198,606017
123,Мирослав,Михеев,Чеславович,83,55,2281,776868,3822,164056
124,Всеволод,Антонов,Ануфриевич,19,1,4724,874890,7111,260132
125,Мстислав,Буров,Германович,78,20,8344,492915,4669,997648
126,Аникей,Степанова,Всеволодович,76,45,7246,678408,2560,827733
127,Оксана,Кондратьева,Васильевна,64,44,8089,870265,6292,498466
128,Селиверст,Рябов,Семеновна,58,12,4888,206930,1462,709256
129,Пантелеймон,Муравьева,Наумовна,55,37,8102,307359,6737,742089
130,Аскольд,Бобылева,,18,0,5493,632206,4936,376644
131,Климент,Кулакова,,50,27,1257,528393,1693,783393
132,Борислав,Мамонтов,Фёдорович,43,6,4362,986704,4102,945147
133,Максим,Савельев,Вячеславович,38,5,6789,643039,6716,973698
134,Зосима,Тетерина,Федосеевич,78,47,7144,638456,7846,352162
135,Кузьма,Давыдов,Георгиевна,83,32,7554,663459,8071,759862
136,Лукия,Сергеева,,48,1,4600,106455,9241,353565
137,Алина,Королев,Брониславович,69,20,3744,129406,3725,543141
138,Наум,Иванова,Якубович,57,16,1706,626244,7808,461019
139,Вышеслав,Полякова,Данилович,51,16,4417,629907,2694,864755
140,Марк,Галкин,Богдановна,45,25,8972,739192,8081,675888
141,Акулина,Бобылев,,90,51,4889,730495,7859,754982
142,Мокей,Панов,Богданович,21,2,3000,756352,4973,270843
143,Онуфрий,Никонова,Бориславович,89,36,9846,220046,9320,603494
144,Серафим,Тимофеев,,67,46,2995,158488,9349,933676
145,Татьяна,Давыдова,Егоровна,32,10,6855,351102,9679,280322
146,Твердислав,Харитонов,,69,12,4388,670968,1436,835520
147,Евпраксия,Фадеева,Вилорович,53,28,4859,394552,7779,754063
148,Конон,Миронов,Вячеславович,34,9,2584,495073,6477,509561
149,Тамара,Иванова,,32,11,3259,620687,5910,784453
150,Панкрат,Захаров,Харлампович,53,11,2952,248518,4291,454519
151,Святополк,Евсеев,,71,16,8935,548846,8167,717602
152,Федот,Дьячков,Макаровна,58,2,6966,287943,8267,688194
153,Гремислав,Власов,Бенедиктович,38,7,1357,915674,9053,976427
154,Демьян,Тетерина,Васильевна,77,16,7148,758268,3715,466490
155,Спартак,Михеев,Гертрудович,30,11,1319,945760,8838,750354
156,Нифонт,Третьяков,,38,18,9993,806593,2044,317672
157,Феликс,Овчинников,,50,8,6645,669431,2738,723893
158,Моисей,Евсеева,Никифоровна,79,19,8600,487370,4707,448341
159,Герасим,Игнатьева,,18,0,3995,981581,1795,894675
160,Регина,Кузнецов,Матвеевна,77,6,6593,489360,4074,848534
161,Анжелика,Громов,Владленович,66,24,7180,605605,2861,371490
162,Адриан,Беляков,Жоресович,78,16,7573,271913,7583,657164
163,Сидор,Ершова,Абрамович,37,2,8692,765911,2516,708037
164,Ратибор,Симонова,Вячеславовна,80,5,7049,904149,8353,595967
165,Клавдий,Никонов,,28,1,7255,484105,9874,552104
166,Василий,Шилова,Леоновна,57,36,7856,542952,7017,815604
167,Спартак,Панов,Ермолаевич,84,38,7163,596214,5592,291967
168,Владилен,Горбунов,Алексеевич,65,10,5594,681314,5035,219219
169,Карп,Павлов,Анатольевич,83,65,1969,659381,1819,302841
170,Капитон,Морозов,Федотович,51,0,9650,857179,5032,315271
171,Евгения,Блинова,,22,1,3333,776825,3306,413140
172,Олимпий,Калашников,Давыдович,82,20,9506,482653,1400,447053
173,Ефим,Козлова,Феодосьевич,83,37,1530,212835,3732,247658
174,Викторин,Меркушева,Дорофеевич,83,10,1026,392195,7987,989378
175,Ираида,Белякова,Алексеевич,44,8,2816,664234,2344,501310
176,Прокл,Никонов,Максимовна,41,18,9953,787995,3918,237719
177,Зоя,Самойлов,Зиновьевич,85,43,8706,242021,6677,812363
178,Болеслав,Самойлова,Елисеевич,85,67,7739,191488,8679,291871
179,Андроник,Вишнякова,,90,25,7430,450395,1323,647650
180,Надежда,Муравьев,Гурьевич,68,26,2667,517286,2333,642720
181,Вацлав,Гуляев,Эдгарович,89,49,1176,329047,7282,309305
182,Николай,Князев,,68,30,6176,448491,5993,731251
183,Марина,Игнатова,Вячеславович,60,42,1202,857020,9960,162028
184,Екатерина,Носов,,80,41,8463,260541,2920,165199
185,Гордей,Мишин,Давыдович,18,0,7264,222482,2461,715515
186,Милован,Петухов,Робертовна,55,26,9478,456097,6162,428310
187,Любим,Лыткина,,52,18,3783,343530,6308,761245
188,Натан,Рогова,Дмитриевич,38,7,3778,587725,1910,397998
189,Ангелина,Крылова,,54,29,3804,884022,1394,548867
190,Гаврила,Белоусова,Елизарович,39,3,4471,373542,7303,210037
191,Марина,Филиппова,Ильинична,70,19,7537,603564,2425,724640
192,Аркадий,Гущина,,26,5,2210,431837,2580,557517
193,Василий,Туров,Ануфриевич,50,28,1633,410336,1172,359566
194,Юлий,Федосеев,Фролович,64,13,8641,253963,8652,954042
195,Валерия,Белозерова,,65,38,2684,872405,5383,933967
196,Яков,Журавлева,Аркадьевна,80,3,5639,567660,2524,602750
197,Родион,Афанасьев,Устинович,63,26,3838,203984,5532,299864
198,Харитон,Иванов,Архиповна,19,1,7877,492047,8771,994371
199,Авксентий,Зиновьева,Федотович,74,45,4495,345646,9030,361639
200,Егор,Куликов,Денисович,74,3,6561,343025,6474,588828
201,Алла,Тихонова,Егоровна,81,43,1392,197762,7176,969049
202,Конон,Герасимова,Богданович,19,0,8060,912487,7295,134342
203,Галина,Фомина,Жанович,35,4,4660,546907,4580,631558
204,Христофор,Суворова,Георгиевна,18,0,1445,634408,1707,849609
205,Наина,Фомин,Теймуразович,70,8,5108,398585,8025,563370
206,Сергей,Филатова,Теймуразович,41,5,6109,877328,7931,772981
207,Фотий,Попова,,87,11,5853,469164,7729,268667
208,Пров,Калинин,Александровна,36,10,5714,831127,8596,864856
209,Радим,Щербакова,,76,30,1300,490825,1610,757402
210,Радим,Кузнецова,,82,7,6340,407199,5560,281190
211,Любомир,Лыткина,Робертовна,59,24,1299,516159,4922,254707
212,Егор,Федосеева,Власович,57,12,1078,984973,6367,319748
213,Гостомысл,Шилов,Игнатович,84,50,4525,677598,6668,697520
214,Олимпиада,Шарапов,Владиславович,65,25,9280,437454,5393,462837
215,Зоя,Шарапова,,52,10,6242,439211,1318,363106
216,Милен,Виноградов,Рудольфовна,25,1,1578,220838,6715,283498
217,Амвросий,Мухин,Владиславович,41,2,2278,695346,7237,565312
218,Артемий,Алексеев,Георгиевич,24,5,1585,618621,6358,962398
219,Владислав,Степанов,Ильясович,32,11,5416,246070,7191,666038
220,Милица,Третьяков,Григорьевна,35,17,7288,750716,7583,481109
221,Павел,Орлова,Тихонович,68,50,2244,865844,4444,807347
222,Эрнест,Вишняков,,55,31,1594,666650,5090,623286
223,Кондратий,Трофимова,Геннадиевна,58,12,5041,917199,9769,824174
224,Николай,Карпова,Арсенович,83,24,7524,591210,5252,101952
225,Модест,Волкова,Марсович,57,22,6859,570608,2989,972026
226,Эрнст,Лазарев,Ярославович,31,0,8677,776182,1253,299600
227,Остромир,Фокин,Иосифович,78,58,2346,145195,2010,503357
228,Зинаида,Абрамова,,64,45,3914,225617,7143,848843
229,Творимир,Исаева,Ефстафьевич,32,12,5697,387017,9975,640946
230,Адриан,Меркушев,,67,18,6584,294142,8125,728698
231,Севастьян,Кулакова,Робертовна,43,11,6096,497935,4174,546173
232,Ратибор,Костин,Леонидовна,76,17,7571,725461,6843,435774
233,Сигизмунд,Щукина,Геннадиевич,80,20,4091,643717,2824,735534
234,Лазарь,Назаров,,83,5,4976,391672,6382,781484
235,Наум,Бирюкова,Оскаровна,28,6,1463,290834,1206,999113
236,Софон,Кудрявцева,Григорьевна,73,40,9369,959806,3558,916133
237,Мефодий,Белов,,72,28,3900,145563,1000,480024
238,Лавр,Тимофеева,,56,0,9055,524107,8452,466094
239,Симон,Никифоров,Феликсович,54,31,3161,369790,3546,454616
240,Елизавета,Виноградов,Эдгарович,48,26,3798,665809,1308,899819
241,Владилен,Белоусов,Федосьевич,33,15,8272,530582,7064,349960
242,Тит,Панова,Евстигнеевич,29,9,8509,699131,4659,412663
243,Демьян,Медведев,Леоновна,83,46,3538,891237,6744,925096
244,Гаврила,Николаев,,84,52,3780,886532,2176,320854
245,Нонна,Шашкова,,82,53,9768,906442,5677,968799
246,Яков,Прохоров,Руслановна,71,1,7069,420618,9025,863531
247,Любовь,Быкова,,83,52,9236,355999,5987,665596
248,Аркадий,Никифорова,Давыдович,53,18,4961,298613,7310,261433
249,Ладислав,Чернова,Мироновна,83,48,9631,922067,8966,182987
250,Станислав,Цветков,Рудольфовна,72,4,1786,292557,4965,298205
251,Алла,Дмитриев,Григорьевич,53,32,1834,923100,2051,601115
252,Глафира,Вишнякова,,73,29,4863,245635,6014,162816
253,Силантий,Овчинникова,Анатольевич,34,13,8417,118979,7731,739275
254,Дементий,Казакова,Валерьевич,46,14,9694,919423,8487,709193
255,Лука,Давыдов,Харлампович,27,6,2745,140384,6171,605453
256,Любосмысл,Беспалова,,54,21,3022,776442,1827,729541
257,Борислав,Гордеев,,23,5,2519,960841,5292,968107
258,Любосмысл,Жданов,Артёмович,60,42,1052,207680,5130,283308
259,Дементий,Капустин,Виленович,87,26,7188,328432,5145,587916
260,Илья,Колобов,Леонидовна,87,61,5764,700029,8409,892377
261,Пантелеймон,Колобов,,46,12,3558,508856,7058,386281
262,Аггей,Захаров,,54,21,5180,940883,4741,568528
263,Феофан,Одинцов,,83,56,2738,482359,4304,108485
264,Харлампий,Титов,,45,17,3069,157955,2091,705430
265,Мария,Виноградова,Владиленович,71,26,7872,240281,3449,462833
266,Мирослав,Орехов,Филимонович,81,43,4967,612206,1040,846594
267,Лариса,Воронов,Аркадьевна,40,12,6947,262070,4915,388846
268,Трофим,Назаров,,42,18,3004,415931,4319,573093
269,Аникита,Лихачева,Вадимовна,75,3,2062,543869,7120,334287
270,Демьян,Лапин,Якубович,64,3,6844,379666,3188,643685
271,Иларион,Логинов,,84,37,3037,234502,7033,791262
272,Елизавета,Щукин,Устинович,80,14,4161,161267,7220,145418
273,Харитон,Воронов,Федотович,78,46,6551,765853,6493,838851
274,Фаина,Стрелков,,20,1,6802,714598,9997,558663
275,Лука,Елисеев,Ивановна,72,51,5352,520056,6092,973936
276,Ананий,Субботина,Аркадьевна,45,11,2633,235703,1631,829070
277,Спартак,Рыбаков,,89,21,7189,577673,5179,255447
278,Татьяна,Носков,Болеславовна,54,10,5987,773395,8498,224298
279,Лев,Шестакова,,29,6,3416,875318,4804,905941
280,Тамара,Терентьева,,63,25,6043,577369,4742,235244
281,Радован,Кулакова,,26,0,3758,552282,8459,123736
282,Максим,Сысоев,,78,6,8236,205237,9425,218458
283,Демид,Марков,Анатольевич,42,12,8609,290406,5063,447311
284,Агафья,Ефимова,Владиславович,82,15,9664,554093,8136,999304
285,Никифор,Мясников,Васильевич,22,4,7163,877821,1810,459931
286,Игнатий,Никифорова,,45,19,8418,259925,1564,389582
287,Олимпий,Бурова,Ефстафьевич,26,5,4497,853734,3707,888974
288,Куприян,Дмитриева,,45,15,1095,197205,4730,192411
289,Гаврила,Воронова,Гертрудович,61,39,8218,907055,9067,759637
290,Мирон,Кулагина,,40,15,5999,930788,6646,963733
291,Павел,Зыкова,Евстигнеевич,28,1,2087,897405,1959,221715
292,Чеслав,Наумова,,68,15,6982,895873,2155,220947
293,Аникита,Субботина,,33,10,8473,521364,9391,971715
294,Влас,Терентьев,Устинович,53,1,5345,631376,2052,787389
295,Светлана,Лаврентьев,Геннадиевна,47,5,4335,655910,7395,217087
296,Твердислав,Жукова,,48,4,7959,480856,9007,413720
297,Ксения,Большаков,Ерофеевич,71,31,8090,918869,3332,299779
298,Евстигней,Кононова,Георгиевич,75,33,6840,990501,3317,448422
299,Марина,Голубев,Геннадьевна,78,49,5487,918970,4390,346588
300,Николай,Ермаков,Николаевна,34,9,5400,831462,5360,762996
301,Таисия,Громов,,69,25,8353,769202,1262,380316
302,Мирон,Лобанова,,69,11,6315,676472,8314,136630
303,Амвросий,Герасимов,Бориславович,73,49,4444,175190,8241,937951
304,Рубен,Мартынова,,88,53,8313,436506,7125,860684
305,Егор,Сазонов,Филатович,45,0,8697,861212,5767,892130
306,Поликарп,Орлова,,65,14,8811,277044,9416,247820
307,Флорентин,Ковалев,Кирилловна,75,7,1976,677413,3268,249956
308,Лучезар,Лебедева,Ильинична,38,3,8958,765503,4988,641870
309,Панкратий,Симонов,Валентиновна,80,22,3720,787755,6353,996148
310,Нифонт,Трофимов,Олеговна,82,27,1617,666441,3655,895611
311,Иванна,Федотова,Артурович,46,8,6243,156988,9568,633311
312,Всемил,Бобров,Елисеевич,42,12,5457,165951,4932,699383
313,Зосима,Егоров,Степановна,82,27,9948,863908,1544,897363
314,Варвара,Никифорова,,46,6,9876,701489,7151,329215
315,Матвей,Селиверстова,Валентинович,69,33,2807,542445,4533,592251
316,Анжелика,Антонова,Феликсовна,34,0,4315,186810,4690,957438
317,Нестор,Анисимов,,64,12,9765,694328,6721,309319
318,Петр,Субботин,Гордеевич,88,50,4582,750674,4695,198723
319,Еремей,Красильникова,Макаровна,20,1,1078,704129,4313,959829
320,Творимир,Носова,Данилович,83,2,4400,241245,6205,637718
321,Панфил,Бобылева,,27,0,6196,546150,5958,714586
322,Стоян,Исаев,Андреевна,29,3,2027,118899,2066,829249
323,Руслан,Егорова,Виленович,54,14,5054,210690,3978,272865
324,Владислав,Матвеева,Тихонович,83,49,5220,572317,2176,391792
325,Тимур,Алексеева,Николаевна,36,9,6777,905724,6222,122411
326,Юлиан,Рябова,Анисимович,31,6,8875,345284,9383,717434
327,Мария,Быкова,Семеновна,24,6,1360,800870,2389,586203
328,Фаина,Журавлева,Авдеевич,52,29,3830,349086,9119,143052
329,Светозар,Хохлов,Харитонович,29,0,4339,793143,2730,552455
330,Савва,Тарасов,Артёмович,20,1,7992,663185,6779,537259
331,Ефим,Назаров,Еремеевич,21,3,5087,702116,4625,719771
332,Владилен,Колесников,Исидорович,54,1,8097,353062,6368,459660
333,Елизавета,Панова,Олеговна,29,10,8323,356873,1093,417986
334,Викентий,Кузьмин,Леоновна,71,19,5407,336105,1239,413650
335,Ксения,Мясников,Васильевна,89,9,3054,643842,4643,104957
336,Тит,Третьякова,,26,4,8689,692024,7064,236014
337,Савва,Соболев,Власович,38,18,7511,143544,1955,446217
338,Назар,Архипов,Георгиевич,60,40,3083,285833,1799,466863
339,Адам,Терентьева,Феликсовна,85,63,6671,486388,6413,199049
340,Алина,Кузьмина,Всеволодович,70,31,6636,118489,9607,494432
341,Радим,Калинина,Марсович,32,3,2318,620338,7771,150377
342,Кондрат,Гордеева,Антоновна,50,30,4655,316383,6990,201120
343,Владлен,Пестов,Олеговна,64,25,9673,239790,4588,854192
344,Христофор,Ситникова,Трофимович,72,9,5368,407827,5502,497878
345,Эммануил,Лебедев,,87,16,5453,363128,7987,861708
346,Роман,Мухин,Тимофеевна,33,9,1024,115621,3580,363322
347,Варлаам,Гуляев,,38,12,4746,267461,3095,595733
348,Леонтий,Лапина,Георгиевна,26,7,5817,937105,2704,921375
349,Данила,Третьякова,Максимовна,26,1,6616,158342,6526,540484
350,Татьяна,Ситникова,Константиновна,87,50,3363,830851,7381,632483
351,Фрол,Гордеев,Давидович,33,5,5520,520027,4854,450825
352,Измаил,Фадеева,Арсеньевич,75,44,5439,213532,3458,447984
353,Виктор,Воронцова,Тарасович,79,14,3855,721161,5235,601510
354,Бронислав,Калашникова,Юлианович,32,7,8307,962286,3451,581444
355,Надежда,Тимофеев,Авдеевич,89,30,2307,128748,5223,268360
356,Марина,Алексеев,Мироновна,74,1,1296,373211,9900,728206
357,Исай,Николаев,,43,12,3584,534931,7243,478310
358,Остромир,Андреева,Аркадьевна,61,23,7934,475935,9260,773216
359,Бронислав,Горбунова,Ануфриевич,58,27,9154,406156,1543,645873
360,Владлен,Харитонов,,90,69,2293,434241,6354,594745
361,Антонин,Панова,Фёдорович,88,22,7915,995541,2733,213044
362,Капитон,Воробьева,,50,29,9635,670204,8563,896428
363,Адриан,Голубев,Владиленович,38,3,3845,183514,4613,682309
364,Кондрат,Пономарева,Семеновна,20,0,6274,599355,1716,817121
365,Николай,Лебедев,,49,5,2582,732989,8829,634604
366,Елизар,Карпов,Архиповна,45,17,6361,400159,7912,127544
367,Ферапонт,Лазарев,Данилович,62,11,5718,773882,9403,832633
368,Эммануил,Михайлова,,58,34,8326,946028,3430,650527
369,Карл,Николаева,Сергеевна,76,16,2725,423796,3639,762050
370,Авдей,Тарасов,Игоревна,56,2,8814,348423,5964,968118
371,Агата,Сафонов,Евсеевич,25,3,8510,154720,8160,896700
372,Варлаам,Мамонтов,,38,0,6943,268584,9813,702744
373,Прокофий,Дементьев,Феодосьевич,76,0,3249,631888,1978,832014
374,Епифан,Красильникова,Бориславович,35,3,5486,594876,7389,383170
375,Ювеналий,Калашникова,Петровна,73,17,9541,859974,1298,337178
376,Автоном,Суворова,Павловна,86,68,6604,769689,5242,875008
377,Терентий,Кузнецов,Тарасовна,83,21,7233,724377,4883,759321
378,Анжелика,Голубева,Димитриевич,79,16,4521,297935,7863,623898
379,Данила,Калинин,Владиленович,44,10,1132,806763,9611,232729
380,Тихон,Яковлева,,44,2,1842,767282,9967,534156
381,Никита,Ефремова,,35,14,3950,240280,8507,934664
382,Феликс,Гурьев,,68,11,3674,572948,6564,387817
383,Любовь,Шашков,Даниилович,51,13,5292,836597,8790,653706
384,Полина,Щербаков,,88,16,6772,590261,5018,192734
385,Никита,Гусев,,19,1,2075,693620,1976,990146
386,Елизавета,Галкин,,52,15,1098,639734,3061,141466
387,Ксения,Логинова,Евсеевич,53,21,5317,215428,8651,745260
388,Панкратий,Морозова,Васильевич,54,10,1326,183819,3975,331249
389,Сила,Вишняков,Архипович,36,15,2872,883924,8200,993064
390,Трофим,Филиппова,Иосифович,40,10,3121,912394,2189,152199
391,Агафон,Прохоров,Викторович,81,35,2852,810522,9614,247631
392,Феликс,Марков,Августович,38,7,4669,171572,4533,570750
393,Афиноген,Киселев,,90,24,9080,207947,8773,356414
394,Анатолий,Русаков,Иларионович,34,10,7396,328398,1859,209108
395,Ипполит,Мясников,Богдановна,77,33,5971,463326,3153,286900
396,Феофан,Данилов,Федосеевич,36,1,1112,397718,1215,542659
397,Тит,Антонова,Германович,57,23,6840,159552,5788,492117
398,Соломон,Кулагина,Дмитриевич,31,4,9020,190575,2737,308559
399,Евфросиния,Денисов,Ярославович,21,3,5154,297793,2406,431142
400,Тимофей,Кулагина,Адрианович,88,67,3707,412427,1688,156078
401,Октябрина,Беляева,Валерианович,42,6,6396,253987,3638,178815
402,Кондратий,Емельянов,Васильевна,39,0,1210,719658,4097,697351
403,Соломон,Суворов,Бенедиктович,36,5,4879,195114,2824,245571
404,Кира,Кондратьев,,77,34,5351,670356,5631,455801
405,Потап,Суханов,,23,2,9233,555567,5416,789721
406,Казимир,Матвеева,Святославовна,90,0,1706,297429,8244,857632
407,Зосима,Бобров,,79,23,7579,951126,3657,944922
408,Петр,Зиновьев,Владиленович,28,4,8365,171185,1017,175164
409,Лидия,Гришин,Николаевна,25,3,4219,491557,4393,710822
410,Леонид,Ширяев,,28,2,8081,362620,7712,713352
411,Никандр,Игнатова,Гавриилович,81,59,7653,719900,5474,932313
412,Валерия,Маркова,,75,50,1328,501272,5466,773192
413,Мартын,Гордеев,,72,14,9587,590451,4616,824310
414,Евгений,Архипов,Игнатьевич,26,8,4793,624269,4686,429846
415,Савва,Меркушева,Еремеевич,32,2,1706,506704,2957,592356
416,Лев,Авдеева,Афанасьевич,31,6,6468,811525,4606,972405
417,Никон,Голубев,Валерьевич,43,8,2953,622481,1546,245113
418,Леонтий,Федотов,Максимовна,61,0,4413,118644,3466,983933
419,Авксентий,Баранова,,89,27,6890,547734,7105,145629
420,Василий,Исаков,,80,2,5596,421607,9446,488873
421,Мефодий,Капустина,Еремеевич,59,24,9802,664968,7456,198190
422,Савелий,Кудрявцев,Фокич,59,37,7326,563176,3123,746570
423,Велимир,Самсонов,,63,21,5371,887636,5966,997785
424,Вышеслав,Киселев,Теймуразович,32,7,7060,925260,9392,998711
425,Рубен,Орлова,Владиленович,38,17,2478,347498,9578,819487
426,Артем,Щукин,Богданович,86,36,9927,117499,5177,120723
427,Виктория,Колобова,,46,15,2658,776781,1945,416798
428,Эрнст,Петрова,,62,4,9783,736705,8684,163379
429,Мечислав,Федосеев,Эдуардовна,31,1,8031,523159,9521,781365
430,Ульяна,Егоров,Ильясович,18,0,6584,287087,5083,765511
431,Фрол,Белова,,53,35,1756,648672,7091,430917
432,Гордей,Зиновьева,Ярославович,20,2,9444,564610,2298,334608
433,Фома,Трофимова,Анатольевна,88,24,5510,914173,4553,531037
434,Христофор,Веселова,,31,5,1306,994495,7362,329402
435,Тимофей,Голубев,Арсенович,58,28,8870,565823,8921,211288
436,Ипатий,Колесникова,Федотович,28,6,7771,400626,9361,419579
437,Таисия,Петров,,90,52,3220,395003,5365,352511
438,Остап,Колобов,Елисеевич,58,4,3755,842499,8725,544869
439,Дементий,Терентьев,Дмитриевна,68,38,9202,297872,5706,670989
440,Иванна,Туров,Абрамович,70,7,9560,178162,2549,474490
441,Ираида,Шарапов,Ярославович,65,33,4754,746386,1457,412283
442,Фока,Пестова,Давыдович,66,45,1829,725217,4488,296245
443,Тимур,Силина,,87,62,4039,446970,7596,371778
444,Зинаида,Фомин,Федотович,25,5,1637,719646,6087,109406
445,Олег,Шашков,Игоревна,22,3,7935,520410,4577,157279
446,Алевтина,Дементьев,Ильясович,41,5,4727,620556,8015,927117
447,Игорь,Зимин,Макаровна,38,16,3150,390371,6998,456591
448,Нонна,Миронова,Феликсович,58,39,9361,405592,2055,645405
449,Ия,Русаков,Игоревна,37,18,6067,599936,3371,308678
450,Лев,Журавлев,Гертрудович,79,50,7800,139888,6596,935360
451,Марфа,Крылов,Ефимовна,78,60,1050,724520,5745,738756
452,Василий,Баранова,Игнатович,45,7,1404,701010,7619,734516
453,Стоян,Шестакова,,75,54,9284,396247,9710,247031
454,Натан,Федотова,Артёмович,34,1,4867,403586,4530,802714
455,Селиверст,Денисова,Теймуразович,84,33,3857,102171,6772,864795
456,Самуил,Матвеева,Яковлевич,33,14,9268,125184,3406,859545
457,Сигизмунд,Смирнова,Артурович,88,68,5688,426112,8577,479367
458,Антонина,Мясникова,,27,9,4107,508725,1344,759047
459,Пимен,Павлов,Ануфриевич,18,0,8965,621482,9894,153878
460,Спартак,Савин,,66,30,7774,383108,6053,619041
461,Изяслав,Никонов,Ерофеевич,87,37,2106,641087,6259,485978
462,Варлаам,Ларионова,Архиповна,39,8,7163,869862,7701,556425
463,Раиса,Бирюкова,,60,32,8658,292663,7485,609993
464,Эрнест,Афанасьев,Анисимович,39,15,9079,422664,2633,689485
465,Харитон,Селиверстова,Егоровна,44,2,5168,169906,6317,434040
466,Петр,Петрова,,84,36,5239,482566,5168,220149
467,Агата,Гуляев,,57,38,3708,802157,7709,118859
468,Пелагея,Романова,Анатольевна,86,6,7731,980825,5028,318222
469,Радим,Пономарев,Рудольфовна,39,3,9488,680695,4995,650892
470,Феврония,Щукин,Валентинович,63,10,8856,217511,9786,975096
471,Евфросиния,Полякова,Валерьянович,53,22,7695,125570,8874,805567
472,Раиса,Яковлев,Станиславовна,27,8,9045,502582,7925,784812
473,Севастьян,Михайлова,Анатольевич,34,2,1343,707513,9836,750267
474,Фирс,Беспалова,Даниилович,63,34,2456,508279,9334,344843
475,Клавдий,Овчинников,,20,0,6808,472969,3606,116459
476,Адам,Хохлова,,55,34,8315,429061,3339,509875
477,Епифан,Воробьева,,64,42,5299,136581,3686,465764
478,Феофан,Федосеев,Олеговна,43,3,1104,313681,6383,867286
479,Евдокия,Родионова,,37,13,7627,841696,3380,265785
480,Ираида,Копылов,Афанасьевич,41,11,5740,325152,3363,736597
481,Мечислав,Николаев,Андреевич,56,16,9339,404377,5882,944400
482,Ипатий,Лобанов,Иосипович,85,67,1417,368495,8172,863825
483,Валерия,Муравьева,Владиленович,67,15,7199,669382,7990,134838
484,Лора,Харитонов,Гурьевич,52,32,2328,915078,4987,966680
485,Светлана,Елисеева,Изотович,83,33,4694,467983,4546,590912
486,Милан,Ефимова,Гавриилович,85,46,8413,871155,3259,194875
487,Милен,Орехов,,42,17,7388,361966,2894,293806
488,Любовь,Петухова,Дмитриевна,59,6,2957,915092,9205,465753
489,Марк,Зимина,Романовна,33,9,5820,989212,9564,999593
490,Рубен,Орехова,Аверьянович,62,42,6870,410403,9249,339628
491,Глеб,Громов,,40,1,9365,890631,2267,623975
492,Леон,Жукова,Ерофеевич,68,37,2032,834255,2263,525559
493,Радим,Игнатьева,Феофанович,53,11,4974,289443,5728,312270
494,Валерия,Ермаков,Алексеевич,87,11,3826,284432,1719,179338
495,Ананий,Зыкова,Ильясович,40,21,2072,154867,9897,803794
496,Варвара,Блохин,,20,1,6180,911651,6866,149887
497,Прокл,Горбунов,Всеволодович,90,42,9449,920617,6898,782271
498,Еремей,Зуев,Ильич,87,37,6271,628909,2007,292071
499,Михаил,Мартынова,Трофимович,71,38,9172,883804,7830,558884
500,Леонид,Агафонова,,21,2,4642,993383,2861,613288
501,Глафира,Крюкова,Ждановна,21,1,2849,620310,2812,256940
502,Данила,Кошелева,Фомич,26,8,7794,951089,2213,267743
503,Венедикт,Шилов,Тимофеевна,72,3,4642,298870,8371,571979
504,Радислав,Крюкова,Витальевич,63,40,5569,140854,3451,416332
505,Мокей,Брагина,Харламович,85,28,3432,899817,7368,971786
506,Юлия,Беляев,,43,1,7015,445831,4828,681800
507,Марина,Романова,Эдуардовна,62,1,4486,188740,3345,982325
508,Людмила,Яковлева,Демидович,47,13,4102,814164,5061,791508
509,Сергей,Рябова,,35,7,7385,957511,9986,778931
510,Касьян,Шашкова,Евсеевич,87,42,4016,699353,2780,656381
511,Ярослав,Рожкова,Виленович,83,26,5334,790707,2565,863132
512,Фирс,Гаврилова,Аксёнович,29,2,7526,802909,4592,262836
513,Арсений,Горбунов,Фомич,24,6,1866,631072,6547,560657
514,Ипатий,Данилова,Ефимович,86,8,2657,328868,3043,187624
515,Марина,Молчанов,Фомич,20,2,6180,203876,4028,295746
516,Гурий,Белякова,,53,1,6758,370887,9992,940098
517,Самуил,Галкина,Аверьянович,88,39,7325,895436,1952,204498
518,Кирилл,Гусева,Георгиевна,51,26,8633,846750,6666,913215
519,Евстигней,Мухина,,50,25,3498,950149,8951,492039
520,Борис,Соболева,Вячеславовна,19,0,3195,591707,7199,550586
521,Парамон,Коновалов,,49,12,2363,771410,2821,720456
522,Доброслав,Ершов,Данилович,54,19,7633,974705,1688,457586
523,Геннадий,Третьяков,Валерианович,40,14,3864,281908,4338,561777
524,Федосий,Дементьева,Эдуардович,34,7,9781,470523,7384,389278
525,Влас,Прохоров,Еремеевич,41,9,6571,105415,5472,703493
526,Софрон,Лукин,Егоровна,24,1,8812,708076,1760,163736
527,Рубен,Зайцев,Еремеевич,72,20,3644,741086,9988,581387
528,Фрол,Носова,,83,30,5145,330682,8186,369011
529,Фотий,Аксенов,Вячеславович,49,27,4254,136661,9297,645458
530,Соломон,Лыткин,Харитоновна,53,33,7263,513223,3944,441081
531,Никита,Крюков,,54,17,4875,157526,4053,212963
532,Всемил,Стрелкова,Фролович,46,6,3690,814902,9134,365955
533,Кузьма,Горбунова,Макаровна,69,8,2931,686255,4375,742185
534,Алексей,Морозов,Степановна,61,12,9446,133976,5811,536059
535,Илья,Горбачева,,56,25,6362,835463,7630,115176
536,Давыд,Орехов,Тарасович,87,9,5651,538131,1297,189306
537,Степан,Маслов,Никифоровна,46,19,9875,894247,6924,174751
538,Лариса,Данилова,Васильевич,59,24,6990,162826,7891,989811
539,Матвей,Егорова,Оскаровна,20,2,7672,935183,6274,889873
540,Андроник,Дмитриев,Ефремович,23,3,8268,951975,2379,333524
541,Лора,Тихонова,Тарасович,46,20,6290,923347,8827,653761
542,Тамара,Шубин,,46,24,2196,596610,2607,851281
543,Аким,Самойлова,,32,6,7022,805540,1531,662339
544,Антонина,Брагина,Егоровна,55,15,9333,153684,8445,114464
545,Прокофий,Шарова,Фадеевич,75,3,6763,255758,4566,201050
546,Никандр,Сафонов,Игоревна,49,19,4475,934799,7754,580518
547,Вышеслав,Медведев,Александрович,79,36,6079,249750,7088,979218
548,Доброслав,Беляков,Трофимович,36,7,6948,299171,5384,952106
549,Богдан,Волкова,Арсенович,86,62,2452,927411,6983,275661
550,Аркадий,Петрова,,86,66,2725,379806,8687,212190
551,Милий,Сазонова,Михайловна,20,2,1929,740927,6229,166716
552,Фирс,Степанова,Николаевна,28,7,9491,484707,9866,714926
553,Ратибор,Елисеев,Дмитриевна,59,38,9011,948692,2306,682690
554,Казимир,Ефимов,Антонович,55,5,1614,984910,8971,606821
555,Артемий,Третьяков,,23,5,8251,654853,8965,782527
556,Ладислав,Фокина,Тимуровна,76,20,7007,613224,5082,652532
557,Мирон,Корнилов,Владленович,61,20,6791,445148,1846,320626
558,Селиван,Авдеева,Федотович,75,11,1365,256422,2541,337134
559,Спартак,Медведев,Богданович,18,0,4497,779658,8423,617217
560,Юрий,Тарасов,Артёмович,59,41,4038,341704,5301,664807
561,Герман,Лихачев,,86,14,9518,699277,3718,985596
562,Моисей,Мамонтов,,60,26,6745,475658,4092,297522
563,Мокей,Козлова,Анисимович,80,19,8258,130735,9518,135464
564,Варвара,Шаров,Геннадиевич,41,15,1002,588696,2382,349676
565,Ким,Зуева,,31,12,7402,582188,3877,889839
566,Олимпий,Павлов,Бориславович,21,1,6802,276785,3907,762682
567,Кир,Мухина,,19,1,1954,449503,6645,524699
568,Самсон,Осипова,,23,2,4437,914695,5555,483508
569,Дмитрий,Белякова,Гурьевич,84,22,1443,632742,9181,813512
570,Мирослав,Денисов,Фролович,48,20,4161,772459,3680,545266
571,Фадей,Шашков,,53,33,4946,881383,9451,789852
572,Устин,Быков,,25,3,5353,352090,2653,761236
573,Анна,Ширяева,Артемьевич,84,49,2311,244097,8074,769216
574,Елена,Лаврентьев,Иосипович,38,14,1844,850324,1412,431602
575,Радим,Панфилова,,62,43,5218,370535,1838,279337
576,Максимильян,Ефимов,Егоровна,55,14,6787,572560,6616,169492
577,Андрей,Виноградов,Руслановна,33,14,6215,696172,7801,752349
578,Фадей,Афанасьев,Федосеевич,40,19,6036,466257,3066,272830
579,Пахом,Степанова,Ярославович,88,2,8210,929047,4018,268729
580,Аверьян,Архипов,,51,21,7307,161731,1162,741032
581,Андроник,Суворов,,70,23,7440,673806,9842,455033
582,Адам,Гусев,,69,34,5880,456587,7101,888953
583,Герасим,Кулаков,Анатольевич,87,11,7141,357441,7677,178741
584,Фотий,Уваров,,63,42,5373,928577,5307,531719
585,Агап,Комаров,Иларионович,31,11,8739,497713,4051,575245
586,Станислав,Турова,Изотович,35,12,3175,957773,9793,559950
587,Макар,Федоров,Бориславович,56,37,6258,702899,3174,442264
588,Валерий,Потапова,,58,36,7408,797874,4697,582890
589,Эраст,Кошелев,,55,4,4850,508047,2315,660682
590,Харлампий,Громов,Ефремович,29,4,9901,421327,9076,808562
591,Лидия,Пахомов,Афанасьевич,30,5,7675,636585,7526,304457
592,Терентий,Яковлев,Денисович,47,25,8024,132996,5350,164841
593,Регина,Зимин,Ерофеевич,81,26,2330,333028,7744,940062
594,Михей,Попов,,20,0,2087,104426,9075,217554
595,Остап,Шилова,Трофимович,30,3,3817,490229,7542,316673
596,Ефим,Горбачев,,55,10,7092,267307,5288,205077
597,Всеслав,Афанасьева,Андреевна,24,0,1778,454007,1431,531748
598,Антонина,Осипов,Кузьминична,40,14,7599,736909,8608,390946
599,Твердислав,Кузнецов,Бориславович,43,20,5311,768844,6007,318662
600,Юлий,Наумова,,75,39,1707,718118,1390,980811
601,Радислав,Анисимов,,76,55,4089,617105,2187,179002
602,Ким,Кудряшова,Демьянович,39,18,7589,312279,4504,416152
603,Агафья,Тихонова,Аксёнович,69,44,7949,190670,3140,614565
604,Роман,Трофимова,,83,51,8443,443815,4362,768236
605,Вячеслав,Ершов,Яковлевич,53,10,3956,763696,3819,724314
606,Ксения,Щукина,Ильинична,81,24,6524,225652,7933,353349
607,Спартак,Якушев,Адрианович,50,17,6583,968446,5514,985880
608,Пимен,Потапова,Андреевна,54,3,8289,632316,8060,113494
609,Казимир,Кулакова,Ефремович,52,3,5165,810375,1373,136570
610,Модест,Соловьев,Владиленович,32,6,9108,574297,7382,552229
611,Леонтий,Воробьев,Валерьянович,51,5,8950,989938,9331,557378
612,Евдоким,Пономарев,Рудольфовна,90,16,7937,758051,5507,176976
613,Лариса,Киселев,Андреевна,30,1,3069,400896,8410,140542
614,Дарья,Тихонов,,50,19,1625,903051,9881,590166
615,Эдуард,Беспалов,Вилорович,65,31,1497,203083,7442,202372
616,Евстигней,Титова,,24,2,9550,693538,4020,462473
617,Анжелика,Кулаков,Ярославович,56,33,5692,151254,2233,989140
618,Федот,Мельникова,Романовна,68,42,9246,614379,7885,540953
619,Устин,Князев,Давидович,31,4,1938,912140,8289,258565
620,Евлампий,Дементьева,Михайловна,87,58,3165,291960,2034,311518
621,Афиноген,Жданов,Львовна,39,9,3647,212801,5022,511423
622,Прасковья,Назарова,Андреевич,89,60,2384,962220,2100,908224
623,Артем,Романова,Тихонович,19,0,6795,798625,6600,928706
624,Михаил,Громова,Игоревна,83,16,1132,625451,5227,596079
625,Ирина,Павлов,Иосифович,38,13,4575,510683,2268,174315
626,Афанасий,Зайцев,,30,5,5040,440832,6659,654937
627,Виктор,Шестакова,Харитонович,46,3,6051,326623,7243,171593
628,Поликарп,Герасимов,,63,36,3187,486331,9955,516430
629,Пантелеймон,Хохлова,Игоревна,82,16,5356,807577,3898,344912
630,Аристарх,Комаров,Эдуардович,44,8,2938,709735,9306,875740
631,Казимир,Белозерова,Валерьянович,27,1,8212,488352,1747,825861
632,Эммануил,Емельянов,Валерьянович,50,16,5060,270269,1222,734469
633,Геннадий,Горшков,Германович,82,11,7646,881776,6870,414319
634,Силантий,Константинов,Даниловна,55,26,6369,228495,4373,458151
635,Варлаам,Титова,,64,31,6164,759335,2302,796377
636,Синклитикия,Меркушева,,60,24,6618,767160,9836,735978
637,Савва,Устинова,,71,12,2950,116189,9046,304645
638,Юрий,Степанова,Августович,85,40,6818,285829,6852,532286
639,Амос,Кулагина,Анатольевич,64,39,9304,998895,1391,525665
640,Ерофей,Галкин,,33,1,1407,103632,2955,798881
641,Венедикт,Михайлова,,70,37,7051,682043,3377,216641
642,Аристарх,Бобылева,,21,0,2135,435943,6597,440743
643,Лазарь,Агафонов,Власович,68,14,1346,626587,8680,800662
644,Фаина,Крюков,,42,3,7238,180201,9873,309187
645,Милован,Филиппова,Евстигнеевич,24,2,7134,273269,5089,556261
646,Порфирий,Ершов,Димитриевич,27,4,4926,530934,8773,287006
647,Адриан,Васильев,Ефремович,58,11,3142,287437,1679,621998
648,Ипат,Казаков,,22,1,2322,459555,2719,301216
649,Савва,Трофимова,Брониславович,88,53,1572,844822,7409,892723
650,Самсон,Давыдов,Макаровна,54,5,4816,964916,7074,696610
651,Изяслав,Владимирова,Терентьевич,46,5,1941,560303,5123,819650
652,Антип,Лапина,Тарасовна,31,4,2119,903891,8277,899074
653,Корнил,Костина,,31,5,4004,792647,2010,447323
654,Олимпиада,Тимофеев,Авдеевич,77,51,7095,905962,7154,634958
655,Христофор,Кудряшова,Ильинична,67,23,7761,768847,5992,546721
656,Изяслав,Третьякова,Марсович,77,13,3626,597040,5092,728358
657,Всеволод,Авдеев,Эдуардовна,81,24,3099,307759,1011,295001
658,Ипатий,Шилов,Иларионович,29,8,9034,320851,7095,460133
659,Азарий,Рябова,,67,33,8581,994702,9183,402060
660,Мартьян,Денисова,,83,65,6338,280515,7471,499059
661,Осип,Веселов,Демидович,60,42,4276,614947,4416,753582
662,Наталья,Сорокин,Константиновна,69,49,2471,295499,1420,604292
663,Арсений,Ильина,Жоресович,35,1,1949,736376,8096,495112
664,Демьян,Зиновьев,Вениаминовна,85,21,8512,916679,9554,190419
665,Исидор,Соловьева,Антоновна,57,16,9449,635190,8308,840793
666,Всеслав,Игнатьева,Тимурович,58,30,6489,635032,8213,521365
667,Нонна,Захаров,Болеславовна,84,37,7971,157923,1714,220881
668,Натан,Баранов,,43,5,3406,297502,6977,771734
669,Фаина,Рогов,Аркадьевна,74,12,1589,179266,4416,173568
670,Элеонора,Ермакова,Петровна,47,23,8382,590905,8152,893960
671,Галактион,Зимин,Харитонович,37,8,9647,316475,4430,409944
672,Анжелика,Копылов,Руслановна,37,6,5540,177222,3200,636424
673,Николай,Кулагина,Тимурович,52,18,4613,560992,5258,885479
674,Леон,Никифорова,Архипович,88,38,2318,435757,6605,461433
675,Роман,Селиверстова,,68,28,7864,348701,2973,960235
676,Эдуард,Крылов,Данилович,27,8,8276,882139,1500,835637
677,Марфа,Беспалова,Афанасьевна,67,37,2089,393271,8718,191048
678,Маргарита,Новиков,Викентьевич,37,4,9003,243374,7467,242804
679,Богдан,Колобова,,46,9,1550,197747,8002,850842
680,Фрол,Мухина,Тихонович,52,33,3671,503857,1023,807364
681,Константин,Чернов,Эдуардовна,84,46,8151,120610,2794,138249
682,Фирс,Лапин,Харитонович,83,43,7766,330473,1366,519800
683,Харитон,Рожков,Эдгарович,83,21,2982,570968,4747,614781
684,Сила,Зиновьева,,74,45,8528,517559,9190,942563
685,Афиноген,Терентьев,Болеславовна,24,0,9909,200562,8005,251128
686,Панфил,Гурьев,Кирилловна,18,0,3389,243405,9681,333111
687,Геннадий,Медведев,Тимурович,74,22,5208,799725,9270,255332
688,Александра,Дроздов,,56,31,3206,534426,2626,594848
689,Велимир,Пономарева,,59,30,9608,762672,3137,465104
690,Тит,Исаева,Геннадиевич,22,0,7747,829929,9064,625266
691,Ювеналий,Боброва,,39,13,5037,545795,7380,896188
692,Влас,Овчинникова,Рубеновна,18,0,3580,428588,4871,911606
693,Фрол,Фокин,Ермилович,58,0,3578,292143,2080,466267
694,Майя,Мясников,,60,5,6070,442187,4039,285582
695,Майя,Харитонова,Владленович,49,3,9752,801847,6187,496034
696,Нифонт,Горшкова,Анисимович,89,9,4658,389813,7643,448284
697,Антип,Сафонов,Олеговна,25,5,8385,789165,1259,847219
698,Каллистрат,Суворов,Альбертовна,77,26,1118,175581,7110,758554
699,Валерия,Ковалев,Ильясович,65,14,8554,289520,9321,741805
700,Ярополк,Захаров,,20,2,4499,328971,8402,971392
701,Ратмир,Морозов,,71,38,5082,852923,8071,994528
702,Назар,Савина,Викторович,51,24,4020,222961,9463,307438
703,Ермил,Уваров,,77,4,1922,824636,7488,733659
704,Тарас,Филиппов,,89,68,9696,522091,6840,719858
705,Панфил,Ковалев,Андреевич,33,14,5161,332475,5659,227387
706,Варлаам,Давыдов,Давыдович,89,5,9098,947412,1319,468619
707,Елизар,Авдеева,Игнатьевич,54,24,1469,319531,4379,784209
708,Федор,Ситникова,Юрьевна,20,2,9122,811200,2689,182125
709,Наталья,Иванова,,78,22,6814,508487,3265,740355
710,Потап,Дементьев,Валерьянович,62,15,7678,417007,7497,139369
711,Панкрат,Самсонова,,27,5,7619,906012,3795,272302
712,Агап,Ситников,Теймуразович,76,53,2287,295191,9065,701289
713,Леонид,Новикова,Викентьевич,70,20,8248,331201,7560,618399
714,Сидор,Панфилов,Васильевна,65,17,7291,178210,4167,637989
715,Татьяна,Гуляева,Бенедиктович,66,25,3348,279612,9631,746829
716,Мстислав,Лыткин,,77,51,3346,553137,4998,733219
717,Август,Гущина,,42,17,3603,940087,2436,458505
718,Ульяна,Рыбакова,Игнатович,63,43,1341,740325,9197,864272
719,Вышеслав,Сазонова,Вениаминовна,85,18,9133,778238,6668,751812
720,Любосмысл,Кузьмина,Артемовна,20,2,6610,939352,8083,802865
721,Феофан,Трофимов,Фёдорович,27,8,8129,305882,3951,689057
722,Чеслав,Сафонов,Тарасовна,46,22,9525,335838,5072,681995
723,Георгий,Жданова,Федотович,79,55,4380,265731,9743,367484
724,Митофан,Соловьева,,40,18,5917,416006,5271,160169
725,Майя,Афанасьев,Евстигнеевич,62,6,7551,870981,2813,450555
726,Панкратий,Селиверстов,,71,12,1611,907093,2514,245833
727,Арсений,Дмитриева,Юрьевна,61,11,2220,119938,4233,721873
728,Эммануил,Кудряшов,Ефимовна,83,52,9489,103326,8988,487328
729,Фрол,Исаев,Давидович,58,39,5085,406759,4495,982256
730,Любосмысл,Самойлов,,34,8,3705,369194,4925,400277
731,Адриан,Блинова,Георгиевна,56,10,8563,261842,1832,406244
732,Юлий,Беляев,Леонидовна,73,6,4069,968605,4134,987943
733,Авдей,Филиппов,,52,31,8700,616490,8563,705561
734,Руслан,Горбачева,Владиславович,73,1,1856,604717,9659,689762
735,Наталья,Блохина,Ефремович,53,19,8242,169697,2250,430073
736,Самсон,Казаков,,62,35,9822,380062,7260,899109
737,Синклитикия,Кулагин,Владимировна,42,8,9652,919629,4519,875230
738,Каллистрат,Рожкова,,22,3,4379,336314,3868,217436
739,Кондратий,Блохина,Алексеевич,78,52,1357,608695,8583,890803
740,Селиверст,Тетерина,,85,14,6780,144395,2008,277323
741,Мартын,Ершова,,56,3,7763,608065,3949,611382
742,Нинель,Лихачев,,57,25,3893,138063,3921,418788
743,Роман,Колобова,Аскольдовна,54,14,4659,594001,8575,968360
744,Вышеслав,Белова,Григорьевна,87,59,7310,842889,8266,493287
745,Александр,Сидорова,Рубеновна,35,1,5495,214121,3543,216045
746,Потап,Анисимов,,20,0,5683,379519,4453,280799
747,Татьяна,Миронова,,57,33,3362,234883,9832,945085
748,Юлия,Крылова,Валентиновна,47,3,4683,974288,6363,211871
749,Таисия,Орлов,Георгиевич,20,0,9461,718216,2865,888042
750,Андрон,Алексеев,,52,22,9688,472061,6665,820056
751,Митофан,Соколова,,50,15,2596,754102,7093,488702
752,Прасковья,Филатова,,28,3,6507,463241,4753,499370
753,Селиверст,Кулагина,,77,25,1113,337361,7309,769787
754,Август,Мухин,Филатович,30,2,1376,650520,9362,983757
755,Нинель,Симонов,Изотович,46,8,4999,149682,8463,923734
756,Ладимир,Воронова,Георгиевич,25,3,6600,455140,1514,819741
757,Евдоким,Котова,Жанович,29,11,6305,764665,2612,262000
758,Силантий,Терентьева,Андреевна,49,18,8248,447682,2386,662550
759,Михаил,Александров,Авдеевич,40,17,7768,322390,4887,395800
760,Артемий,Михеева,,70,47,5119,527689,7631,911921
761,Каллистрат,Николаев,Игоревич,27,4,8925,708227,4956,167450
762,Ипат,Журавлева,Фомич,84,16,4776,501917,7290,300473
763,Феликс,Рыбакова,Владиленович,42,7,9202,943487,2516,127804
764,Лучезар,Шарапова,Глебович,68,19,6470,673009,7200,190473
765,Эммануил,Рожкова,Кузьминична,85,63,4940,728698,2239,364776
766,Аскольд,Комиссаров,Марсович,32,7,3538,424352,1242,739792
767,Эмиль,Самойлова,,20,1,8811,366404,9329,530732
768,Иннокентий,Агафонова,,79,43,6299,632572,6622,116643
769,Иванна,Гордеев,Альбертовна,55,11,5691,441641,5693,615840
770,Денис,Кондратьева,Анисимович,69,29,4767,173308,7671,881847
771,Никодим,Рыбаков,,58,26,8997,686714,4295,756201
772,Поликарп,Крылов,Матвеевич,49,3,3215,536134,3183,553688
773,Валерий,Максимова,Владимировна,47,17,8077,816853,8914,246249
774,Герман,Дементьева,,43,10,5025,750562,9227,775176
775,Сильвестр,Соколова,Адрианович,70,17,3313,281200,6546,937559
776,Карл,Пестов,,40,20,2555,502272,7640,578246
777,Аскольд,Исаев,,53,1,9077,812820,9171,148638
778,Полина,Дьячков,Владиславовна,75,6,7095,767950,6833,671455
779,Иларион,Одинцов,,80,51,6420,768358,7055,319817
780,Амвросий,Калашников,Чеславович,66,41,5257,504006,7411,315029
781,Лора,Медведева,Адамович,52,22,1568,789529,9481,653366
782,Фадей,Суханова,Валентинович,69,14,9197,298130,9546,659864
783,Дарья,Артемьев,,79,60,4384,288620,2085,395563
784,Виссарион,Матвеев,Георгиевич,47,15,3875,225138,4162,639799
785,Валерия,Кузьмин,Евстигнеевич,42,21,5322,125989,8609,666968
786,Марфа,Фомин,Филимонович,47,18,5027,175169,1829,475063
787,Ия,Тетерина,Анатольевна,73,27,8859,755107,8728,874779
788,Илья,Ермакова,,61,9,8864,191280,3635,458526
789,Регина,Крюкова,Алексеевич,36,10,5235,468236,5473,863333
790,Гурий,Самсонов,Феофанович,81,9,2289,769190,3868,347578
791,Нина,Зимина,,35,6,4265,185866,5855,265955
792,Бажен,Рябов,Оскаровна,47,0,3014,949424,2173,815653
793,Людмила,Игнатьева,,52,3,6700,343286,6304,840044
794,Януарий,Федорова,Фадеевич,29,9,9920,297050,7457,920804
795,Любим,Хохлова,Валерьянович,26,3,7076,404723,8342,554683
796,Ферапонт,Михеев,Афанасьевич,81,3,9499,664469,2811,791628
797,Корнил,Рогов,Игоревна,49,23,5273,795868,5299,910390
798,Полина,Устинова,Ильясович,21,1,9644,577136,7159,955981
799,Харитон,Фомина,Оскаровна,37,4,3378,993267,3408,383337
800,Пров,Филатова,Тимофеевна,56,30,7953,852080,3213,353771
801,Марфа,Тихонов,,72,5,7526,403954,9232,767105
802,Иванна,Афанасьева,,32,8,8040,515706,7136,744095
803,Мир,Агафонова,,50,12,9224,637942,5928,619353
804,Анатолий,Владимирова,Анатольевна,76,22,5898,588618,5654,433203
805,Руслан,Давыдов,Бориславович,28,5,5504,717313,4234,935518
806,Поликарп,Устинова,,25,7,4768,247237,4634,813977
807,Трифон,Попов,Викентьевич,49,15,5056,762796,7379,497504
808,Жанна,Мамонтов,,90,44,4163,278432,7552,102044
809,Мефодий,Третьякова,,59,14,9594,307159,1877,601599
810,Чеслав,Филиппов,Гавриилович,67,26,4332,407551,5697,946904
811,Онуфрий,Дьячкова,Харлампьевич,34,0,3481,240923,2443,213713
812,Федот,Антонова,,25,2,9555,788931,7928,726599
813,Степан,Муравьев,Елизарович,67,38,3680,749851,5450,418203
814,Кира,Казакова,,81,43,8598,955627,8646,830324
815,Эмиль,Копылов,Евстигнеевич,90,4,1703,379805,2788,436002
816,Святополк,Калинин,Захаровна,87,34,6546,505940,9858,230143
817,Панкрат,Денисов,Адрианович,53,17,3937,142381,8659,290512
818,Екатерина,Вишняков,,84,26,8141,564724,6409,909966
819,Автоном,Соколова,Глебович,39,18,9447,167836,2686,365598
820,Евстафий,Антонова,Ефимович,58,16,2472,283463,2131,907895
821,Милий,Родионов,Аркадьевна,35,0,3404,230498,9654,974022
822,Фотий,Ефремов,Станиславовна,68,8,6411,329404,2721,115989
823,Антип,Михайлова,Антоновна,64,45,4107,163265,7121,564377
824,Афиноген,Морозов,,30,8,3880,598398,8025,415294
825,Авдей,Богданов,Зиновьевич,51,31,3589,866464,6667,408303
826,Евдокия,Капустина,Марсович,78,21,7615,214794,4540,784313
827,Велимир,Субботина,Брониславович,21,3,2279,664604,1570,965743
828,Антонина,Гордеева,Артемовна,82,23,8594,423676,8855,873719
829,Наум,Карпова,Харитонович,45,13,2470,304970,3343,337882
830,Андрон,Абрамов,Феликсовна,63,32,7111,169724,1165,392798
831,Ананий,Третьяков,Валентиновна,25,2,2750,377336,8672,643730
832,Константин,Дементьева,Александровна,25,1,8410,605216,7387,999930
833,Надежда,Рогова,Руслановна,57,8,4587,700700,4550,356152
834,Эрнест,Осипов,Эдгарович,58,12,2412,636698,3336,120119
835,Анна,Горбунова,Гордеевич,86,25,5523,449937,6646,800948
836,Кузьма,Лукина,Мироновна,70,44,7569,492938,5557,799617
837,Герасим,Петров,,59,32,1492,730866,1643,340814
838,Глафира,Якушев,Александрович,33,6,9678,614186,5745,102439
839,Лазарь,Блинова,,41,3,2676,827390,5283,142997
840,Светозар,Тарасова,Аверьянович,20,2,8704,734302,3651,120764
841,Кира,Гущин,Иосифович,30,8,8604,684211,6076,881889
842,Венедикт,Щукина,Егоровна,64,22,7446,850520,5947,495945
843,Дмитрий,Корнилов,,74,50,9922,320517,6901,415890
844,Мефодий,Брагин,,68,17,7189,522090,2153,982930
845,Харитон,Воронов,Романовна,27,9,8612,344760,5896,410733
846,Владлен,Ермакова,Ааронович,89,36,9702,973035,4842,777150
847,Митофан,Зыкова,Евстигнеевич,86,56,4633,463291,2405,192743
848,Ирина,Григорьева,Бенедиктович,35,2,5492,422036,7367,269013
849,Евграф,Тарасова,Арсенович,30,9,3072,362412,2676,450399
850,Евдоким,Кириллов,,49,28,6732,175076,7939,845899
851,Никон,Константинова,Сергеевна,45,4,9030,661974,9526,330576
852,Азарий,Кириллова,,77,24,2214,608882,1757,831076
853,Карл,Сафонов,,58,33,3020,327867,4846,659505
854,Гордей,Никитин,Альбертовна,26,3,3364,356843,7293,960230
855,Прокл,Лазарева,,39,21,2940,319056,2629,920280
856,Софрон,Афанасьева,Адамович,84,0,3809,156164,8775,215421
857,Екатерина,Журавлева,Яковлевна,71,2,1447,187614,1968,873689
858,Наина,Анисимова,Феликсовна,52,22,9322,192590,9778,843313
859,Григорий,Соловьев,Эдгардович,78,1,7076,261857,2108,172367
860,Полина,Зайцев,Ермилович,21,1,3232,294673,3528,667688
861,Филимон,Ермакова,,35,6,1105,993933,6389,512737
862,Викторин,Сидорова,Ильясович,62,44,1532,562053,8057,595274
863,Никон,Копылов,,59,31,1842,984114,7779,488511
864,Демьян,Гуляев,Давидович,87,7,6381,312869,9257,724224
865,Юлия,Якушева,Харитоновна,18,0,7627,140202,5812,558363
866,Лариса,Доронина,Ааронович,79,10,5564,360408,8009,632880
867,Агап,Макарова,,68,14,7837,383267,1707,753638
868,Вышеслав,Смирнова,Мироновна,37,19,7394,115703,1296,239724
869,Фаина,Архипов,Филиппович,64,43,8609,566945,7793,278231
870,Ладимир,Виноградова,,44,19,3506,838970,6483,228845
871,Болеслав,Фролов,,45,26,8338,979008,7440,804042
872,Наина,Фролов,,39,3,6431,231984,8052,915596
873,Боян,Колобова,Рубеновна,52,25,4317,627139,7750,668157
874,Зоя,Кудряшов,Кирилловна,90,18,5239,775006,9572,135347
875,Агафон,Бобылева,Болеславовна,41,6,5242,372784,7290,384021
876,Мефодий,Дорофеев,,24,2,3084,402750,8512,815084
877,Демид,Моисеева,,83,33,1969,813358,7961,131376
878,Екатерина,Архипова,,54,12,7032,111446,9876,131750
879,Мария,Носова,Захаровна,69,2,9781,890563,5062,264619
880,Фадей,Наумова,,54,24,3791,859519,2022,381997
881,Елизавета,Воронова,Захарьевич,26,6,5414,777829,4738,205718
882,Пимен,Герасимов,Михайловна,67,28,3999,549912,2474,882369
883,Зоя,Ермакова,Яковлевна,37,14,8060,389937,8015,554147
884,Амвросий,Некрасова,,88,7,8165,949033,7592,625342
885,Мина,Селезнева,,88,15,3841,712872,5110,898525
886,Ермолай,Жукова,Владиславович,41,7,1164,463090,3670,233426
887,Филипп,Колобов,Игнатович,74,45,8008,481376,8296,271970
888,Любовь,Кононов,Валерьевич,37,7,8729,722292,6720,940199
889,Твердислав,Сергеева,Филимонович,77,50,7680,530687,5638,895149
890,Майя,Савин,Степановна,23,4,2910,161315,7609,217550
891,Полина,Костин,Ануфриевич,90,43,1030,339664,3407,982186
892,Гордей,Пономарев,Яковлевич,40,22,2915,635538,4426,244817
893,Наталья,Рябов,Макаровна,58,14,3293,386892,9496,354271
894,Чеслав,Лазарева,,40,6,8973,780092,9396,413169
895,Вениамин,Блинов,Кузьминична,68,11,8920,276395,8857,768518
896,Аггей,Никитина,Измаилович,77,4,4023,480467,8506,509914
897,Прокофий,Ефремов,Кузьминична,68,22,6313,925957,4249,611164
898,Софон,Комарова,Юрьевна,57,20,9911,272263,2260,236380
899,Дмитрий,Дорофеев,Венедиктович,53,26,9325,615065,2156,962199
900,Каллистрат,Павлов,Гавриилович,60,33,5479,115149,8815,928089
901,Ярослав,Пахомов,,39,12,6387,466161,7761,130673
902,Аристарх,Ильина,,61,17,7556,500078,4167,506523
903,Прокофий,Гришин,Жанович,28,2,7623,587648,3113,905204
904,Исидор,Денисов,Эдгарович,49,24,9268,764298,6128,820738
905,Фёкла,Комарова,Данилович,43,17,7690,730759,9596,796004
906,Лавр,Щукина,Васильевна,63,1,2714,206205,4274,276475
907,Епифан,Аксенов,,69,43,4766,100891,9721,757403
908,Руслан,Назарова,,40,16,7799,773207,7016,543334
909,Потап,Зимина,Болеславовна,31,5,6099,487150,9386,125632
910,Викентий,Петухова,Арсеньевич,76,49,8147,630419,9807,638503
911,Август,Третьякова,Евгеньевна,25,3,6523,743435,7238,817435
912,Мир,Быкова,Измаилович,80,11,7301,693964,1016,558894
913,Пахом,Копылов,,67,24,9878,647849,2390,681623
914,Данила,Соколова,Юльевич,63,29,4686,303529,4908,806111
915,Мартьян,Доронин,Викентьевич,44,9,9971,434303,3768,635359
916,Харитон,Морозов,,67,5,2804,381644,4068,679772
917,Дарья,Никифорова,Ждановна,30,8,9665,740940,8913,382685
918,Афанасий,Игнатьев,Аркадьевна,83,14,6771,717679,8587,982901
919,Максим,Бобров,,82,63,7652,941134,3524,747536
920,Святослав,Ефимова,,66,33,3848,957519,4800,687070
921,Гаврила,Беляева,Васильевич,31,5,2883,234276,3059,719751
922,Эраст,Капустин,,58,6,3972,577066,4219,968250
923,Виссарион,Мухина,Антонович,21,3,5186,892023,5506,225003
924,Гедеон,Комарова,,79,16,1809,402123,6095,871850
925,Светлана,Савельева,Геннадиевна,53,27,6711,536887,6319,861155
926,Изяслав,Журавлев,Терентьевич,18,0,6740,107561,3452,978006
927,Никита,Воробьева,Ивановна,54,29,3080,948122,2331,862692
928,Елизар,Зыкова,,60,12,9755,993123,8862,385389
929,Селиверст,Фомина,Егорович,28,9,2059,124467,9659,401104
930,Иларион,Кондратьева,Харламович,77,12,5293,234568,7531,660734
931,Борислав,Константинова,Арсенович,27,0,5794,919354,1214,643266
932,Вера,Тарасов,,47,27,2057,557897,3255,725033
933,Моисей,Исаев,Мироновна,27,4,5474,971620,8172,256090
934,Виссарион,Лыткин,Филиппович,51,21,1478,296064,1865,447222
935,Аверкий,Агафонов,Бориславович,43,22,4401,973143,8368,701809
936,Эммануил,Тимофеев,Юльевич,70,12,7179,444890,6797,546312
937,Каллистрат,Мельникова,Кирилловна,39,14,4774,671283,3877,886736
938,Никита,Щукин,,74,11,2544,196764,2398,457413
939,Мир,Герасимова,Чеславович,26,4,8868,178001,5495,132576
940,Эрнест,Горбачев,,87,21,4157,638979,3708,666231
941,Демьян,Егорова,,20,2,4171,846609,3991,627785
942,Амос,Никитина,,33,11,6278,104058,8694,228074
943,Елисей,Пахомов,Глебович,57,3,4993,850566,6610,825620
944,Авдей,Зимин,Артемьевич,79,41,4975,951802,9233,210442
945,Маргарита,Цветков,Марсович,77,58,5096,700304,5122,516206
946,Аким,Кузьмина,Станиславовна,56,11,6626,261868,1006,375863
947,Ювеналий,Гусева,Степановна,60,7,9838,543441,9052,190376
948,Клавдия,Козлов,Гурьевич,70,28,3111,656563,3187,583345
949,Синклитикия,Фомичева,,34,10,5146,760863,2601,205745
950,Ян,Кузнецов,,43,1,2102,289724,5160,205435
951,Ладислав,Громова,Давидович,87,69,7501,789677,8295,940569
952,Денис,Шубин,Рубеновна,24,1,9179,905437,6778,897363
953,Ювеналий,Егорова,Валериевна,44,6,2117,401293,2864,653690
954,Боян,Савельева,Васильевна,71,36,7696,338169,6895,232971
955,Ростислав,Русаков,Исидорович,19,0,5637,976149,2676,447402
956,Милан,Буров,Жанович,75,53,4016,134515,8902,194518
957,Болеслав,Моисеева,Гаврилович,75,37,1468,983919,7342,156192
958,Еремей,Сорокина,Романовна,88,57,6099,488539,1134,193696
959,Ян,Доронина,Игнатович,42,15,3874,670259,4545,683745
960,Михей,Галкина,Яковлевна,52,16,7213,205056,3245,518045
961,Потап,Веселова,Олеговна,20,2,5107,136223,1952,973654
962,Евстигней,Яковлева,Анисимович,22,1,3743,362943,1696,301194
963,Тамара,Ермакова,Жоресович,43,4,9236,708824,2587,658610
964,Валерий,Зиновьев,,63,24,2841,841683,8484,784630
965,Пелагея,Иванов,,86,0,7514,699266,1138,570931
966,Аркадий,Авдеева,Ефремович,66,17,4781,371906,7383,937839
967,Каллистрат,Лукина,Антоновна,26,5,1237,164149,1152,321128
968,Пелагея,Андреева,Бориславович,78,8,8324,563319,7754,798030
969,Людмила,Коновалов,Львовна,20,1,9479,734717,7283,669962
970,Мстислав,Ковалева,Фокич,65,28,6511,358021,4530,141036
971,Тимофей,Савин,Артемьевич,22,0,5241,888849,8969,315436
972,Еремей,Зиновьева,,90,14,8146,892031,3808,371973
973,Ратмир,Аксенов,Исидорович,34,11,4387,959602,4141,399847
974,Азарий,Евсеев,Георгиевна,85,17,1542,628724,4604,214201
975,Конон,Белова,Ярославович,43,14,2226,992169,4499,241714
976,Елисей,Романов,Ефимович,57,30,4560,409009,1844,686164
977,Парфен,Фролов,Бориславович,78,19,9878,143044,9287,648420
978,Григорий,Шилов,Марсович,40,22,9931,165353,9543,346888
979,Никодим,Моисеев,Эдгарович,87,50,8601,708820,8330,854472
980,Вячеслав,Афанасьева,Никифоровна,42,3,2926,891656,1246,458709
981,Герасим,Кудряшов,,20,2,3616,128671,5868,105529
982,Сократ,Киселев,Адрианович,55,3,5168,743448,3704,286932
983,Касьян,Виноградова,Германович,31,8,2799,314715,8313,508584
984,Нонна,Михайлов,Николаевна,31,3,2143,346395,8310,457982
985,Виталий,Калашникова,Устинович,27,9,7394,415285,5878,971501
986,Прокл,Беляев,Никифоровна,71,7,9818,396330,3375,463400
987,Виктория,Ковалев,Антоновна,80,14,5598,178967,4707,455404
988,Дмитрий,Кузьмин,Фомич,43,5,2932,475329,2794,371323
989,Елена,Быков,Ивановна,64,9,9813,859373,5949,892814
990,Савелий,Некрасова,,32,13,4056,752078,6590,686379
991,Амос,Белоусова,,32,9,8279,895571,7239,510973
992,Михаил,Медведева,Владиленович,56,13,3383,350313,8962,189799
993,Прохор,Дмитриева,Герасимович,59,30,9560,710158,1289,101489
994,Евпраксия,Волков,Александровна,36,1,7168,256743,8445,351717
995,Дарья,Емельянова,,44,5,1166,909227,1059,257238
996,Карл,Филиппов,Трофимович,81,33,3675,210648,3914,138382
997,Исидор,Никифорова,,62,17,9156,874330,7760,222361
998,Всеволод,Филиппов,,29,9,6088,232721,2994,377762
999,Панфил,Матвеева,Викторовна,90,37,4053,966674,8476,826303
1000,Евдокия,Михеева,Афанасьевич,51,7,1515,866127,4745,855993
